ticker,age_years,last_close,score_total,score_long_coil,score_tight_resistance,score_ascending_compression,pos_in_10y_range,dist_to_10y_high_pct,range_ratio_24_120,range_ratio_24_60,low_36m_above_10y_low_pct,slope_high_60m,slope_low_60m,trend_r2_60m,peak_age_months,old_peak_similarity,lifecycle,status,grade,lid_grade,coil_score,lid_slope_pct_per_year,proximity_pct,current_price_position,span_years,touches,touch_count,reviewed,review_status,review_id,review_as_of,review_algorithm_version,review_stale,review_effective,data_date,freshness,fetched_at,data_source
REG,32.833333333333336,82.1500015258789,0.6784271096464844,0.7764824456002446,0.5726151285189552,0.6696753456990094,0.9407698403992545,0.037154221522314596,0.37780278143602397,0.6380562788780626,0.7701258574222075,0.016414287753142194,0.04599643398890219,0.30202458867149307,233.0,1.0957571284361003,pre_breakout,coiling,A,A,93.8,0.06,100.26,within_lid_band,18.67,5.0,5.0,False,,,,,False,algorithm,2026-07-01,fresh,2026-07-27T06:45:50.686Z,yfinance
SPG,32.666666666666664,229.77999877929688,0.6319880388398162,0.792907620346244,0.5201298900926344,0.5311181166755864,0.9907544378101961,0.007558415795908011,0.5029057642397765,0.6541818503465263,1.4168047481740014,0.038690447098461485,0.051015595805567485,0.6419190094344822,120.0,0.9895046314145338,pre_breakout,coiling,A,A,77.8,-0.02,100.53,within_lid_band,9.92,2.0,2.0,False,,,,,False,algorithm,2026-07-01,fresh,2026-07-27T06:45:53.797Z,yfinance
PETR4.SA,26.583333333333332,42.209999084472656,0.17824523334573733,0.5061669004225517,0.10338578191023698,0.29944767202727424,0.8327086255281896,0.16729137447181042,1.0,1.0,,0.04797220078515067,0.02834780929981694,0.35285533102260025,275.0,1.3316236304735998,pre_breakout,coiling,A,A,76.8,-0.35,99.72,within_lid_band,12.83,2.0,2.0,False,,,,,False,algorithm,2026-07-01,fresh,2026-07-27T06:45:50.119Z,yfinance
ULVR.L,38.083333333333336,4575.5,0.14452675618597602,0.4155968989997206,0.0,0.1513089180136581,0.5379367201751386,0.19776100331926755,0.7775840705371287,0.9269652766782207,0.11697674249790406,0.031236674380461807,0.03526178360273162,0.3985803788165343,338.0,1.0370916226912872,pre_breakout,coiling,A,A,76.8,2.26,81.47,within_lid_band,27.5,5.0,5.0,True,,4.0,,,False,human,2026-07-01,fresh,2026-07-27T06:45:54.998Z,yfinance
BG,25.0,121.52999877929688,0.47048350331493594,0.7157488827307411,0.24014548605818653,0.400532120409097,0.8739964394715936,0.09891003796878324,0.6372909861441484,1.0,1.3241379836509968,0.009889224136620413,0.006789176415201378,0.012942684253514858,222.0,1.0009639273931874,pre_breakout,coiling,A,A,75.7,-0.01,90.11,within_lid_band,18.42,3.0,3.0,False,,,,,False,algorithm,2026-07-01,fresh,2026-07-27T06:45:41.420Z,yfinance
0005.HK,26.583333333333332,162.3000030517578,0.44126022339267,0.7172960372960373,0.49794874924879806,0.493578780576454,0.998518541124132,0.0012307504507211538,0.750740729437934,0.8160225269850669,1.018181818181818,0.050443040284949905,0.0537157561152908,0.8041903882236114,225.0,0.9446153846153846,pre_breakout,coiling,A,A,71.9,-0.05,107.85,within_lid_band,19.58,3.0,3.0,False,,,,,False,algorithm,2026-07-01,fresh,2026-07-27T06:45:33.083Z,yfinance
VTR,29.25,100.52999877929688,0.600621180278759,0.792625221971063,0.4948764119752143,0.4414573891960351,0.9964567656541193,0.0030741528148714183,0.5276031336852195,0.7046252465781854,1.9460674687055532,0.037386816259512,0.03812027310243699,0.56813595635212,158.0,0.9524878757386153,pre_breakout,coiling,A,A,70.9,-0.42,110.48,within_lid_band,13.0,3.0,3.0,False,,,,,False,algorithm,2026-07-01,fresh,2026-07-27T06:45:55.973Z,yfinance
1299.HK,15.833333333333334,78.25,0.08743613316946883,0.22257261445179596,0.0,0.0,0.5341334982610361,0.28408053234046504,0.6534133841669634,0.8163074844863015,0.06096127505513646,-0.04169755248976075,-0.040074318626373666,0.07706872940523679,66.0,1.0,pre_breakout,coiling,A,A,70.0,0.59,84.79,within_lid_band,6.75,3.0,3.0,False,,,,,False,algorithm,2026-07-01,fresh,2026-07-27T06:45:35.396Z,yfinance
UNP,41.583333333333336,307.32000732421875,0.6038973176678017,0.6986766155355014,0.46568261467009,0.6457510252762784,0.9621282348860466,0.027437523902974208,0.4863058145899436,0.8414965747879108,1.2895704964487298,0.00904385676008596,0.041102286411823494,0.18339172953222405,52.0,0.8827494891041069,pre_breakout,coiling,A,A,69.1,0.07,109.86,within_lid_band,4.17,2.0,2.0,False,,,,,False,algorithm,2026-07-01,fresh,2026-07-27T06:45:55.392Z,yfinance
LH,36.416666666666664,296.7699890136719,0.6398563296593125,0.7273632201369549,0.5598114576973867,0.6119081256417805,0.99155668000287,0.006062019023353645,0.4161022127164286,0.7052287061298744,1.279668157459952,0.017019730326917497,0.04261228610534446,0.32321984096391176,55.0,0.912595722612394,pre_breakout,coiling,A,A,67.9,0.75,105.19,within_lid_band,4.5,2.0,2.0,False,,,,,False,algorithm,2026-07-01,fresh,2026-07-27T06:45:46.944Z,yfinance
CNR.TO,29.75,182.91000366210938,0.5277383196616796,0.613576866618944,0.4789474013685054,0.45870393014050065,0.9777439951352995,0.01263155917889676,0.5624881085501611,1.0,0.5742104562417895,-0.006563180873847299,-0.0006113016214927767,0.0777219639605864,28.0,0.9788933675459683,pre_breakout,coiling,A,A,63.2,0.08,106.31,within_lid_band,4.25,3.0,3.0,False,,,,,False,algorithm,2026-07-01,fresh,2026-07-27T06:45:42.579Z,yfinance
MSCI,18.75,550.7899780273438,0.5756289534271255,0.6666627095478934,0.37150449761099136,0.7157491817764846,0.7860872125321418,0.18983599645989796,0.26192968162094055,0.5207950300514296,4.749477672603842,-0.011413949721628796,0.053007408504371585,0.11884937938324558,56.0,1.0,pre_breakout,coiling,A,A,59.2,0.23,85.42,within_lid_band,1.5,2.0,2.0,False,,,,,False,algorithm,2026-07-01,fresh,2026-07-27T06:45:47.679Z,yfinance
051910.KS,25.333333333333332,261000.0,0.39123604663879313,0.5234757858060406,0.42002743090488154,0.2335113989242175,0.09153713298791019,0.7514285714285714,0.2947610823258492,0.3514070006863418,0.0,-0.053914552551442944,-0.053414219338354246,0.7004465390672557,66.0,1.0,forming,basing,,A,67.2,-0.09,60.95,below_lid_band,13.75,4.0,4.0,False,,,,,False,algorithm,2026-07-01,fresh,2026-07-27T06:45:34.917Z,yfinance
RELIANCE.NS,30.583333333333332,1280.5999755859375,0.39002427961318203,0.6533033966465057,0.13731798273529988,0.4403376906759889,0.7632962519568479,0.20548459064943556,0.355162798652912,0.7419273327591968,4.222211607016669,0.0526183410021882,0.05291991621903619,0.4762377600396954,24.0,0.9981387269455779,forming,basing,,A,52.6,0.12,79.4,below_lid_band,1.5,2.0,2.0,False,,,,,False,algorithm,2026-07-01,fresh,2026-07-27T06:45:51.283Z,yfinance
7203.T,27.25,2965.5,0.22203688954097037,0.4559081635686583,0.0,0.2448523986533623,0.6434725638598418,0.258625,0.62620623631384,0.8126118067978533,0.9874362267649378,0.049231203807071515,0.05397047973067246,0.5421219009134132,28.0,0.97275,forming,basing,,A,47.5,1.41,73.7,below_lid_band,1.92,2.0,2.0,False,,,,,False,algorithm,2026-07-01,fresh,2026-07-27T06:45:37.069Z,yfinance
CBA.AX,34.916666666666664,176.07000732421875,0.34606481695199337,0.5050558823690999,0.3371157906091875,0.540621347701575,0.88503180919532,0.08296871185302734,0.4843389141542529,0.6390211650685886,0.7992141466452756,0.05256924613859934,0.053500770502882544,0.8209467685232663,0.0,0.7163020769755045,forming,basing,,,45.2,-4.19,95.86,within_lid_band,0.83,2.0,2.0,False,,,,,False,algorithm,2026-07-01,fresh,2026-07-27T06:45:41.966Z,yfinance
INFY.NS,30.583333333333332,1079.0,0.2572593444345293,0.49588999605670186,0.0,0.23561338404739424,0.41168449370533916,0.4622342813137174,0.6495924123671489,1.0,1.2846512195675872,0.0017263939143126927,0.0028159267880696437,0.104872141233322,54.0,0.9738095003430709,forming,basing,,A,45.0,1.01,62.18,below_lid_band,3.17,3.0,3.0,False,,,,,False,algorithm,2026-07-01,fresh,2026-07-27T06:45:46.282Z,yfinance
9988.HK,6.75,111.0,,,,,,,,,,,,,,,forming,basing,,B,43.4,-1.13,77.23,below_lid_band,1.17,2.0,2.0,False,,,,,False,algorithm,2026-07-01,fresh,2026-07-27T06:45:38.899Z,yfinance
GIVN.SW,26.75,3196.0,0.1851002456290421,0.4000779727095517,0.0,0.14122951100636288,0.4701043973426131,0.3438718948881133,0.6719392597279342,0.9214750542299349,0.5005847953216375,-0.013052458679236456,-0.00917255576529839,0.04135583290858291,54.0,1.0,forming,basing,,B,42.4,-1.33,69.81,below_lid_band,2.67,2.0,2.0,False,,,,,False,algorithm,2026-07-01,fresh,2026-07-27T06:45:45.209Z,yfinance
MC.PA,26.583333333333332,461.70001220703125,0.32051471286393696,0.5828697724627149,0.060770248934453985,0.26438886700716824,0.4163537225695685,0.4896086395448178,0.4297951306675992,0.6968273323795653,1.9951971718213979,-0.0057038018285470405,-0.011201619566548898,0.27713194800215224,39.0,1.0,forming,basing,,A,42.2,0.18,60.37,below_lid_band,3.0,2.0,2.0,False,,,,,False,algorithm,2026-07-01,fresh,2026-07-27T06:45:47.153Z,yfinance
035420.KS,23.833333333333332,226000.0,0.2984055103529125,0.48459071286008654,0.20374392943813924,0.13303539962211672,0.3379501385041551,0.513978494623656,0.42354570637119116,0.503955174686882,0.4528846153846154,-0.041885262474356325,-0.03649641190975795,0.22101181971300388,60.0,1.0,forming,basing,,A,37.4,2.95,74.16,below_lid_band,1.0,2.0,2.0,False,,,,,False,algorithm,2026-07-01,fresh,2026-07-27T06:45:34.734Z,yfinance
AZN.L,33.25,12670.0,0.2545315253443523,0.5069352924857349,0.0,0.3293841985940537,0.739093387866394,0.19463513857106535,0.5247524810146131,0.7994930698672595,1.3676176176176176,0.05310941769933789,0.04768333936086146,0.6087215511757289,40.0,0.8154368261147661,breaking_out,breaking_out,A,A,44.9,2.65,90.04,within_lid_band,1.5,2.0,2.0,False,,,,,False,algorithm,2026-07-01,fresh,2026-07-27T06:45:40.671Z,yfinance
SHEL.L,30.0,3305.5,0.529990143504589,0.8298867889674411,0.36771483211826933,0.5736033267310885,0.8793754684827263,0.12052680590661168,0.3963772443890597,0.6012703059765304,744.4591260522519,0.05245177315023628,0.052248968104357446,0.7464531235485768,349.0,1.707830220250765,post_breakout,broken_out,,A,95.2,0.13,133.7,above_lid_band,24.08,5.0,5.0,False,,,,,False,algorithm,2026-07-01,fresh,2026-07-27T06:45:52.544Z,yfinance
PHIA.AS,31.416666666666668,23.15999984741211,0.42627779311466135,0.6204573503501257,0.3619418450730767,0.20566082879613679,0.33181468622768157,0.5091996741824164,0.31479042516125416,0.40935925420956276,0.4194651548491226,-0.033979814353188656,-0.011964347491026515,4.714375067371712e-05,310.0,1.1208492695943255,post_breakout,broken_out,,A,91.7,-0.04,91.26,within_lid_band,27.92,7.0,7.0,False,,,,,False,algorithm,2026-07-01,fresh,2026-07-27T06:45:50.312Z,yfinance
BAS.DE,29.666666666666668,48.56999969482422,0.33649039631744504,0.4890487900585743,0.2844333229458649,0.16527686905185057,0.1825209457568022,0.5084008279900546,0.28741148732582505,0.5498132793289933,0.0012047111282037508,-0.045569483637687785,-0.03163143580544371,0.21594492319415992,102.0,1.0,post_breakout,broken_out,,A,90.1,0.22,88.18,within_lid_band,18.25,5.0,5.0,False,,,,,False,algorithm,2026-07-01,fresh,2026-07-27T06:45:41.040Z,yfinance
VALE3.SA,26.583333333333332,75.23999786376953,0.0821422247265752,0.33444444444444443,0.0,0.0,0.6246575323376756,0.3753424676623243,0.7606476136811484,0.8090066467689363,,-0.047970046766681235,-0.038900689480253915,0.16010038841983143,62.0,1.0,post_breakout,broken_out,,A,89.3,0.43,120.66,above_lid_band,14.5,4.0,4.0,False,,,,,False,algorithm,2026-07-01,fresh,2026-07-27T06:45:55.714Z,yfinance
UBSG.SW,31.0,42.310001373291016,0.4365862135997144,0.7944848053143285,0.4114996205433833,0.4929169296865762,0.9431060066429107,0.04792973265615302,0.6351834916265136,0.7587747323154113,1.6720936120844512,0.05644812561487935,0.053583385937315244,0.8858918179352717,233.0,1.8204321337952745,post_breakout,broken_out,,A,89.2,0.1,211.67,above_lid_band,12.5,5.0,5.0,False,,,,,False,algorithm,2026-07-01,fresh,2026-07-27T06:45:54.645Z,yfinance
DTE.DE,29.75,26.389999389648438,0.2615417335291091,0.5700389028146107,0.09578745689330094,0.332879838644746,0.6267251973814939,0.265107226349647,0.48776665132800573,0.5801698004667053,0.778012739241104,0.0541312356061748,0.05540717902924401,0.7576711016203626,316.0,2.921191923464701,post_breakout,broken_out,,A,88.9,0.0,114.11,within_lid_band,26.5,3.0,3.0,False,,,,,False,algorithm,2026-07-01,fresh,2026-07-27T06:45:43.926Z,yfinance
SAN.PA,26.583333333333332,76.02999877929688,0.0742233754901622,0.33747822672364153,0.0,0.07386969892069478,0.27908950992355713,0.31430374582776077,0.8197900141345745,1.0,0.13930087091332016,0.021967177829750984,0.006385902833723931,0.08932528978512244,51.0,0.9567143318055966,post_breakout,broken_out,,A,87.0,-0.1,90.49,within_lid_band,24.33,4.0,4.0,False,,,,,False,algorithm,2026-07-01,fresh,2026-07-27T06:45:51.794Z,yfinance
SOL.JO,26.583333333333332,20020.0,0.42974238260906134,0.7163813210311822,0.2878408642441573,0.16978220684453332,0.31755835973311153,0.6582451348583134,0.33447781533723875,0.4901320054980679,1.5522388059701493,-0.044777363798571376,-0.03241785926171509,0.5890852232688848,145.0,1.1146978490952544,post_breakout,broken_out,,A,84.6,-0.16,155.3,above_lid_band,23.42,3.0,3.0,False,,,,,False,algorithm,2026-07-01,fresh,2026-07-27T06:45:53.595Z,yfinance
SIE.DE,29.75,272.25,0.3795320907129089,0.5707531206303782,0.42299112233936603,0.4826207721733938,0.9464758964656365,0.043562248945607736,0.5782764310770122,0.7014870887934826,1.255242521099044,0.05357028616117683,0.049972470940179634,0.8338726621970494,0.0,0.6635517615767119,post_breakout,broken_out,,A,82.7,0.2,277.41,above_lid_band,18.33,4.0,4.0,False,,,,,False,algorithm,2026-07-01,fresh,2026-07-27T06:45:53.144Z,yfinance
FCX,31.083333333333332,62.599998474121094,0.4126134648822761,0.6852687611248197,0.15992837933694626,0.3514582305107965,0.8565075525501101,0.13392363681041483,0.6614289927784616,0.9397640977690529,4.738588975584652,0.03926959508122833,0.03399013559213728,0.38223964207666183,218.0,0.8801881572541947,post_breakout,broken_out,,A,82.2,-0.44,136.03,above_lid_band,11.0,3.0,3.0,False,,,,,False,algorithm,2026-07-01,fresh,2026-07-27T06:45:44.917Z,yfinance
2317.TW,33.583333333333336,253.0,0.04926560778888017,0.3008963386722636,0.005411804015943572,0.2826967754646889,0.7543294432127549,0.1942675159235669,0.8115183146332768,0.9159090909090909,0.4307458807654478,0.05095038053810406,0.040673466450386817,0.7415753247157267,0.0,0.7468152866242038,post_breakout,broken_out,,A,81.2,-0.41,268.06,above_lid_band,9.25,4.0,4.0,False,,,,,False,algorithm,2026-07-01,fresh,2026-07-27T06:45:35.573Z,yfinance
REL.L,38.083333333333336,2568.0,0.10728750857351732,0.3680554860887649,0.0,0.17359608906750215,0.4416780354706685,0.38929845422116527,0.7551159618008185,1.0,0.5640219952867243,0.05469125398077809,0.03971921781350043,0.338177734189559,24.0,0.8785576601516052,post_breakout,broken_out,,A,80.8,-0.29,375.18,above_lid_band,7.33,5.0,5.0,False,,,,,False,algorithm,2026-07-01,fresh,2026-07-27T06:45:50.966Z,yfinance
HSBA.L,38.083333333333336,1552.800048828125,0.34660179530331986,0.5380225100836293,0.46100634049069705,0.5,0.9715705378892816,0.02339619570558176,0.7482712847338316,0.7767963557394909,1.0351688256272202,0.052258406565503894,0.05589856198699517,0.82249259937124,0.0,0.6012357123992728,post_breakout,broken_out,,A,80.5,-0.03,163.47,above_lid_band,24.17,2.0,2.0,False,,,,,False,algorithm,2026-07-01,fresh,2026-07-27T06:45:45.732Z,yfinance
NOVN.SW,31.333333333333332,126.9000015258789,0.3360203772383526,0.45414430478715107,0.44157262475700887,0.4849692636101871,0.9449883641732518,0.03129769827573354,0.6695321300782398,0.8053213445537908,0.4361521008641213,0.0528199522702409,0.051993852722037416,0.8265754212362866,0.0,0.7706870159120051,post_breakout,broken_out,,A,79.2,-0.38,266.25,above_lid_band,13.42,5.0,5.0,False,,,,,False,algorithm,2026-07-01,fresh,2026-07-27T06:45:48.485Z,yfinance
BHP.AX,38.5,60.099998474121094,0.3645853649485979,0.471448340430635,0.2639151489772113,0.3685219726113676,0.879956097834883,0.08911798398983549,0.6682030711111184,0.9537518438007637,0.9561259662204635,0.022615063985193282,0.02040494826395239,0.23986171673662926,0.0,0.7705364893293128,post_breakout,broken_out,,A,73.7,0.11,159.49,above_lid_band,9.25,2.0,2.0,False,,,,,False,algorithm,2026-07-01,fresh,2026-07-27T06:45:41.651Z,yfinance
NUE,41.583333333333336,247.55999755859375,0.4008086529220207,0.5632773242746771,0.2990254158092267,0.3993230599680283,0.9040966553433464,0.08615724202197378,0.7121255799566142,0.950164492093956,2.5448599311234466,0.034807661025809095,0.03486461199360567,0.29969219413200976,0.0,0.7493540220512882,post_breakout,broken_out,,A,72.7,0.07,349.06,above_lid_band,10.58,3.0,3.0,False,,,,,False,algorithm,2026-07-01,fresh,2026-07-27T06:45:49.402Z,yfinance
CF,21.0,125.06999969482422,0.41345295093334417,0.5569511986317904,0.19147692627167134,0.4946221891421721,0.8618178349991696,0.11897722048637442,0.6104884725335727,0.7554926016623303,2.413076426775115,0.021507006794803895,0.047405882153273654,0.21957346716073345,47.0,0.8424907918973641,post_breakout,broken_out,,A,72.2,0.45,213.61,above_lid_band,2.58,3.0,3.0,False,,,,,False,algorithm,2026-07-01,fresh,2026-07-27T06:45:42.268Z,yfinance
KN,12.5,37.58000183105469,0.0607666133414199,0.15459865957773886,0.14568259030899142,0.25841963827537606,0.8327079927717571,0.12462144039342297,0.9612257738621134,0.980229595870785,0.11324199020249859,0.02091460253956572,-0.012824275122946796,0.22701962606727666,0.0,0.7877940706827055,post_breakout,broken_out,,A,68.6,0.62,178.47,above_lid_band,7.75,3.0,3.0,False,,,,,False,algorithm,2026-07-01,fresh,2026-07-27T06:45:46.810Z,yfinance
ENB.TO,31.583333333333332,80.20999908447266,0.4910774492062698,0.554109376511011,0.49090716195326495,0.4303780680690888,0.9907543088885171,0.005455702828041018,0.6186174059048692,0.7767810357818589,0.2931033945611835,0.04427642504244981,0.04107561361381776,0.5421492813799935,135.0,0.8200867717085596,post_breakout,broken_out,,A,68.4,0.14,133.58,above_lid_band,5.75,2.0,2.0,True,,5.0,,,False,human,2026-07-01,fresh,2026-07-27T06:45:44.707Z,yfinance
TCS.NS,24.0,2303.0,0.16724023459838958,0.4318687899737039,0.0,0.13361187734519733,0.3580882234650334,0.4985029125156514,0.7333791087015529,1.0,0.9267996909304949,0.013966574718576317,-0.0035495533134883898,0.1282863394115824,24.0,0.964886493548914,post_breakout,broken_out,,B,68.1,-2.32,206.41,above_lid_band,2.67,4.0,4.0,False,,,,,False,algorithm,2026-07-01,fresh,2026-07-27T06:45:54.235Z,yfinance
NESN.SW,36.583333333333336,80.66999816894531,0.27376712188253943,0.5071827712683107,0.36692760660240753,0.21009786327474433,0.21767511950085297,0.378505421631014,0.34745220755548134,0.3642737752752345,0.043283604863864275,-0.05416618389218806,-0.050966830953758376,0.8858323887592434,54.0,1.0,post_breakout,broken_out,,A,66.7,0.79,124.12,above_lid_band,3.0,3.0,3.0,False,,,,,False,algorithm,2026-07-01,fresh,2026-07-27T06:45:48.120Z,yfinance
ALV.DE,29.666666666666668,427.1000061035156,0.4313589583467272,0.7061770667173295,0.48645301149408016,0.4831236130130272,0.9888357259495268,0.008128193103551897,0.6133971239933306,0.7008528304891932,0.7963280003799712,0.05350383050462995,0.05162472260260544,0.8870908309405419,315.0,1.0334416945944553,post_breakout,broken_out,,A,66.1,-0.47,420.91,above_lid_band,7.08,2.0,2.0,False,,,,,False,algorithm,2026-07-01,fresh,2026-07-27T06:45:39.946Z,yfinance
ICICIBANK.NS,24.083333333333332,1437.800048828125,0.6590462115721709,0.8459839844566133,0.8335709917405779,0.7233688558962876,0.9515902313576504,0.04146663411458333,0.27006757083261135,0.4044996326577832,3.178744901209482,0.056169223197601974,0.056942726968115184,0.8947384053557375,24.0,0.8385333658854167,post_breakout,broken_out,,A,64.7,0.69,370.05,above_lid_band,3.0,2.0,2.0,False,,,,,False,algorithm,2026-07-01,fresh,2026-07-27T06:45:46.031Z,yfinance
WEGE3.SA,26.583333333333332,45.9900016784668,0.07144204746757132,0.33841216870750523,0.023347406630776363,0.21506854208298393,0.7686779253046211,0.23132207469537894,1.0,1.0,,0.04394066336726363,0.02427812335567257,0.4689976774190635,24.0,0.850409485391425,post_breakout,broken_out,,A,64.3,1.47,104.74,within_lid_band,1.83,3.0,3.0,False,,,,,False,algorithm,2026-07-01,fresh,2026-07-27T06:45:56.248Z,yfinance
SBK.JO,26.583333333333332,32017.0,0.17070458591055362,0.4686685688387818,0.4000226030186686,0.25,0.9440790460334206,0.05554572271386431,1.0,1.0,0.0,0.04184541276946127,-0.010914592240929126,0.8606388347558932,67.0,0.808549329369469,post_breakout,broken_out,,A,63.9,-0.43,289.34,above_lid_band,5.33,3.0,3.0,False,,,,,False,algorithm,2026-07-01,fresh,2026-07-27T06:45:52.297Z,yfinance
OR.PA,26.583333333333332,374.70001220703125,0.45395986039659686,0.5903749585920516,0.22337888834283143,0.5585090641591408,0.7145898406599672,0.1886976133912862,0.31734083012008446,0.6003719211799374,1.021086183980631,-0.002594475219948878,0.030801738016417765,0.000984456961571345,25.0,1.0,post_breakout,broken_out,,A,62.2,0.59,333.89,above_lid_band,7.08,2.0,2.0,False,,,,,False,algorithm,2026-07-01,fresh,2026-07-27T06:45:49.754Z,yfinance
9984.T,26.583333333333332,5331.0,0.058734837356812244,0.35479338315130615,0.0,0.15858654438417358,0.5555489587817078,0.41249724487546835,0.907366452436436,0.9526273140933741,1.160950373634796,0.04264106514275156,0.03671730887683471,0.6121762630531846,0.0,0.3355741679523914,post_breakout,broken_out,,A,62.0,0.46,194.45,above_lid_band,3.83,2.0,2.0,False,,,,,False,algorithm,2026-07-01,fresh,2026-07-27T06:45:38.547Z,yfinance
EAT,41.583333333333336,186.97999572753906,0.39653151065053305,0.6,0.4201418632028591,0.4448661748166891,0.9503141470382005,0.047914882078284524,0.7398489856035311,0.8010519029886197,3.0328570774623325,0.04584085676668727,0.043973234963337826,0.7489496273658325,0.0,0.3988492391389223,post_breakout,broken_out,,A,62.0,-0.58,361.69,above_lid_band,4.33,3.0,3.0,False,,,,,False,algorithm,2026-07-01,fresh,2026-07-27T06:45:44.357Z,yfinance
SU.PA,26.583333333333332,268.04998779296875,0.3832565103247367,0.6397330884595475,0.30631005509887443,0.5189804369731147,0.8916577690636365,0.0873340937962972,0.5161563096096772,0.6652874665315794,1.3596137503524157,0.05316982742144088,0.05199623187769969,0.818987334864868,26.0,0.8137554990345972,post_breakout,broken_out,,A,60.7,1.34,303.89,above_lid_band,3.08,2.0,2.0,False,,,,,False,algorithm,2026-07-01,fresh,2026-07-27T06:45:54.009Z,yfinance
MSFT,40.416666666666664,381.70001220703125,0.31399290036994965,0.5560966190503196,0.12550508890151438,0.3252224112268469,0.6523887724694624,0.3128094269178604,0.4214548631054584,0.6159288685815117,4.564646804722899,0.05443348478818,0.05080842287197478,0.617827853742056,24.0,0.8431901985969331,post_breakout,broken_out,,A,58.5,-0.23,81.87,within_lid_band,1.92,2.0,2.0,False,,,,,False,algorithm,2026-07-01,fresh,2026-07-27T06:45:47.924Z,yfinance
6758.T,26.583333333333332,3574.0,0.2186633927387598,0.4105011933174224,0.0,0.28538364691083395,0.713126491646778,0.2516750418760469,0.6124105011933174,0.874752839245834,2.7713310580204777,0.047235569849679006,0.0494514310528112,0.6265716525051647,0.0,0.7097989949748744,post_breakout,broken_out,,A,58.3,-0.88,290.33,above_lid_band,5.0,2.0,2.0,False,,,,,False,algorithm,2026-07-01,fresh,2026-07-27T06:45:36.679Z,yfinance
2454.TW,25.083333333333332,3680.0,0.15220873015747732,0.4236704747929987,0.0,0.2784994561433075,0.7295880934912483,0.2595573440643863,0.8361806938476051,0.8990308767185035,2.338345864661654,0.03430892607726694,0.04478227253041184,0.44477117574729785,0.0,0.30181086519114686,post_breakout,broken_out,,A,57.6,2.29,233.65,above_lid_band,1.25,3.0,3.0,False,,,,,False,algorithm,2026-07-01,fresh,2026-07-27T06:45:36.316Z,yfinance
ITUB4.SA,25.666666666666668,42.099998474121094,0.0482327954396867,0.31807529738050794,0.12199265215704358,0.3464048227185902,0.8475941217256349,0.15240587827436514,1.0,1.0,,0.04668479737178727,0.034762140198591064,0.8129244933849121,0.0,0.7070495945991196,post_breakout,broken_out,,B,56.9,-1.13,147.0,above_lid_band,3.33,2.0,2.0,False,,,,,False,algorithm,2026-07-01,fresh,2026-07-27T06:45:46.550Z,yfinance
SAP.DE,28.333333333333332,140.1999969482422,0.08826904453296401,0.2798721218480812,0.0,0.20501408856878284,0.3124789961044809,0.5054673828986166,0.7484527168430185,0.765005891529853,0.5990409138606089,0.05242373935216667,0.04600281771375657,0.49942892153055984,0.0,0.6965079601900077,post_breakout,broken_out,,A,55.1,-0.2,109.55,within_lid_band,1.75,2.0,2.0,False,,,,,False,algorithm,2026-07-01,fresh,2026-07-27T06:45:52.058Z,yfinance
COF,31.75,202.83999633789062,0.23662128578248437,0.4132574455030558,0.0,0.28527323032504814,0.7437285031737508,0.21876450125554134,0.5928984399741143,0.7478800762270718,1.3218421936035156,0.03748067601811942,0.042801691142696205,0.5400416657919023,0.0,0.6853720031913928,post_breakout,broken_out,,A,54.8,0.49,182.52,above_lid_band,2.0,2.0,2.0,False,,,,,False,algorithm,2026-07-01,fresh,2026-07-27T06:45:42.895Z,yfinance
NPN.JO,26.583333333333332,78960.0,0.17962541004056995,0.38646910901645515,0.06310249806442537,0.2815512490322127,0.5120372878192356,0.3979137436710791,0.6056407670513954,0.6116565027098044,1.2092108234301375,0.04928425521907571,0.05607232710816295,0.7480842670759376,0.0,0.6229091447187824,post_breakout,broken_out,,A,53.7,-0.83,162.43,above_lid_band,1.83,2.0,2.0,False,,,,,False,algorithm,2026-07-01,fresh,2026-07-27T06:45:48.763Z,yfinance
WES.AX,38.5,87.4000015258789,0.4637600503280756,0.5414199148832763,0.4637799046384038,0.576736837286353,0.8840412047227705,0.08169163411164511,0.43147103850617474,0.5246168839200406,0.7194476813441257,0.04516591755760484,0.048973978114589055,0.7512741798625427,0.0,0.7738376586741664,post_breakout,broken_out,,A,53.6,-0.4,304.44,above_lid_band,1.08,2.0,2.0,False,,,,,False,algorithm,2026-07-01,fresh,2026-07-27T06:45:56.501Z,yfinance
HDFCBANK.NS,30.583333333333332,739.4000244140625,0.2811430318506198,0.5302375882565912,0.08168037438903616,0.2770534827590356,0.6154583097319597,0.27545318528754287,0.4019835507331566,0.7638418670696542,1.355008719910406,0.052344359361973535,0.0462666644613183,0.3437633213795652,24.0,0.8789808917197452,post_breakout,broken_out,,A,53.4,1.54,80.26,within_lid_band,2.25,3.0,3.0,False,,,,,False,algorithm,2026-07-01,fresh,2026-07-27T06:45:45.413Z,yfinance
SHOP.TO,11.25,160.4600067138672,0.14956721548541524,0.31019095973138744,0.0,0.24463159875742027,0.6276617237025236,0.3660213242024163,0.726429431635346,0.821172196643011,13.708895588989925,0.010757812646753562,0.02185600749607333,0.28670603724523447,56.0,0.8805728791941624,post_breakout,broken_out,,A,51.5,1.67,85.36,within_lid_band,1.17,2.0,2.0,False,,,,,False,algorithm,2026-07-01,fresh,2026-07-27T06:45:52.921Z,yfinance
CSX,41.583333333333336,53.22999954223633,0.4888778405162041,0.6,0.4943830647915488,0.303375071356648,0.9959328092958744,0.0033701611250707177,0.6143707218123573,0.984788117819292,1.8645303457555846,0.028830043357245986,0.013725086533406242,0.2741596223533316,0.0,0.7511701749953986,post_breakout,broken_out,,A,51.2,1.85,126.74,above_lid_band,1.92,2.0,2.0,False,,,,,False,algorithm,2026-07-01,fresh,2026-07-27T06:45:43.634Z,yfinance
0700.HK,22.166666666666668,443.6000061035156,0.23010652569165693,0.38151546329681274,0.017427212289566184,0.28560326428633465,0.5061300926089373,0.37949333026890997,0.6080087010507909,0.6756019027946073,0.5715843378573973,0.006977831070423466,0.022007650079016085,0.34018980334288296,65.0,1.0,post_breakout,broken_out,,,41.4,-3.63,85.02,within_lid_band,1.08,2.0,2.0,False,,,,,False,algorithm,2026-07-01,fresh,2026-07-27T06:45:35.104Z,yfinance
000660.KS,26.583333333333332,1820000.0,0.09711905952977411,0.4,0.0,0.2151429047857629,0.6049558241088656,0.3906930030130566,0.9621542940320232,0.9754281203884828,2.398176291793313,0.03500062572356,0.04802858095715258,0.3883936703135349,0.0,0.19966521593572145,no_structure,no_structure,,,0.0,,,,,,,False,,,,,False,algorithm,2026-07-01,fresh,2026-07-27T06:45:34.091Z,yfinance
005930.KS,26.583333333333332,254500.0,0.002031092471911314,0.29514652014652015,0.0,0.002556604319879585,0.6525566043198796,0.3204272363150868,0.9398343853147259,1.0,0.7135989010989011,0.03173345289820449,-0.01921581000525549,0.308980646165261,0.0,0.25847797062750333,no_structure,no_structure,,,0.0,,,,,,,False,,,,,False,algorithm,2026-07-01,fresh,2026-07-27T06:45:34.406Z,yfinance
2330.TW,26.583333333333332,2350.0,0.379537135010263,0.5773810027501587,0.34302731055123203,0.4593239327274389,0.9217262534376983,0.07297830374753451,0.7425428390099429,0.8106235565819861,2.008746355685131,0.047538502581219486,0.04686478654548777,0.7047056651509414,0.0,0.4260355029585799,no_structure,no_structure,,,0.0,,,,,,,False,,,,,False,algorithm,2026-07-01,fresh,2026-07-27T06:45:35.941Z,yfinance
3690.HK,7.9167,90.3499984741211,,,,,,,,,,,,,,,no_structure,no_structure,,,0.0,,,,,,,False,,,,,False,algorithm,2026-07-01,fresh,2026-07-27T06:45:36.539Z,yfinance
8035.T,26.583333333333332,62800.0,0.17138022236160616,0.4520665300772452,0.0188539532456955,0.31516454954783457,0.7650831625965564,0.22717204036426286,0.8233542459373131,0.9276872384741413,5.181410974244121,0.04597332682349909,0.045016277390255634,0.5130326175919087,0.0,0.5028304208712774,no_structure,no_structure,,,0.0,,,,,,,False,,,,,False,algorithm,2026-07-01,fresh,2026-07-27T06:45:37.609Z,yfinance
8306.T,20.916666666666668,3799.0,0.3103613467099109,0.5455555555555556,0.49388058396712997,0.4969887247961484,0.9959219341683658,0.0036716496197220037,0.7611418584328575,0.8074284624385686,1.8078947368421052,0.055614311641933055,0.05439774495922969,0.9132129014864465,0.0,0.5114083398898505,no_structure,no_structure,,,0.0,,,,,,,False,,,,,False,algorithm,2026-07-01,fresh,2026-07-27T06:45:38.088Z,yfinance
AAPL,41.583333333333336,333.0199890136719,0.4471502373346568,0.6183186224996564,0.4901987060403167,0.5183796586796139,0.9936319588794593,0.00588077637580997,0.5358848212512027,0.7863579819747676,5.401248562744981,0.054826812948016404,0.05409627611100868,0.7930266640796753,0.0,0.7081704010366447,no_structure,no_structure,,,0.0,,,,,,,False,,,,,False,algorithm,2026-07-01,fresh,2026-07-27T06:45:39.057Z,yfinance
ADYEN.AS,8.1667,801.0,,,,,,,,,,,,,,,no_structure,no_structure,,,0.0,,,,,,,False,,,,,False,algorithm,2026-07-01,fresh,2026-07-27T06:45:39.443Z,yfinance
AIR.PA,24.916666666666668,206.0500030517578,0.35869679850368485,0.580476360226845,0.33757503581689763,0.5092044874194835,0.9119413348122792,0.06891097961907085,0.5576856422996919,0.7165751390320949,1.4995844025174783,0.055338773171593934,0.05381844336244612,0.8281906983802553,0.0,0.7807500966861124,no_structure,no_structure,,,0.0,,,,,,,False,,,,,False,algorithm,2026-07-01,fresh,2026-07-27T06:45:39.682Z,yfinance
ASML.AS,28.083333333333332,1563.0,0.3679108065022933,0.5537910160207586,0.25739830936375824,0.43870832640139545,0.8922387700259482,0.1022400919012062,0.7462162512569587,0.9028383124728186,4.699551696077756,0.04363050251304016,0.04429391127508945,0.4550447517026749,0.0,0.5869040711045197,no_structure,no_structure,,,0.0,,,,,,,False,,,,,False,algorithm,2026-07-01,fresh,2026-07-27T06:45:40.216Z,yfinance
CSL.AX,32.25,116.38999938964844,0.028245301681503493,0.3427777777777778,0.0,0.0,0.10441147137348541,0.6604230506501869,0.8832838773491593,0.971581517912841,0.0,-0.0437284552348736,-0.03904531119814576,0.5264788699467365,77.0,1.0,no_structure,no_structure,,,0.0,,,,,,,False,,,,,False,algorithm,2026-07-01,fresh,2026-07-27T06:45:43.284Z,yfinance
MQG.AX,30.083333333333332,257.92999267578125,0.5491872172949185,0.6588835760086199,0.48311384929046075,0.48404892870531063,0.9861139569516293,0.01013169042572354,0.52898170542561,0.9055465128532545,1.204400422697715,0.04191498251565075,0.04673705041431998,0.4884585953242635,54.0,0.834017735025868,no_structure,no_structure,,,0.0,,,,,,,False,,,,,False,algorithm,2026-07-01,fresh,2026-07-27T06:45:47.420Z,yfinance
NSC,41.583333333333336,350.6600036621094,0.521575740587293,0.6321447658212567,0.46309721924956204,0.42653523008577443,0.9707787347902429,0.022141668450262775,0.5776902550717207,0.8943649506391111,1.1073895272330667,0.009771904315204758,-0.003450750735106063,0.19939342637124213,55.0,0.8343558480605893,no_structure,no_structure,,,0.0,,,,,,,False,,,,,False,algorithm,2026-07-01,fresh,2026-07-27T06:45:49.070Z,yfinance
RY.TO,31.583333333333332,295.010009765625,0.40209029595050033,0.46651851512767645,0.4381487317710979,0.45852368129586574,0.9514890567441008,0.03711076093734125,0.6860653626667347,0.8102388270277232,0.4988888634575738,0.0469842766372695,0.046704736259173145,0.6915134395992485,0.0,0.5066257547716709,no_structure,no_structure,,,0.0,,,,,,,False,,,,,False,algorithm,2026-07-01,fresh,2026-07-27T06:45:51.541Z,yfinance
TD.TO,31.583333333333332,169.0,0.3619048923608529,0.46577544531467313,0.4396891831742561,0.382389226196123,0.9498891572578403,0.03610335803882658,0.8083438709107931,1.0,0.4939808963130066,0.025527762521337656,0.024024116108120695,0.33175775129693497,0.0,0.6221411092903684,no_structure,no_structure,,,0.0,,,,,,,False,,,,,False,algorithm,2026-07-01,fresh,2026-07-27T06:45:54.430Z,yfinance
UEC,19.333333333333332,9.510000228881836,0.07439525119428299,0.3244444444444444,0.0,0.2312079909220148,0.4582291226708768,0.5324483698358349,0.8249124620893851,0.8961956610047523,8.571428461950651,0.04769500262383352,0.05124159818440296,0.679150791178587,0.0,0.41002950295095153,no_structure,no_structure,,,0.0,,,,,,,False,,,,,False,algorithm,2026-07-01,fresh,2026-07-27T06:45:54.854Z,yfinance
