ticker,age_years,last_close,score_total,score_long_coil,score_tight_resistance,score_ascending_compression,pos_in_10y_range,dist_to_10y_high_pct,range_ratio_24_120,range_ratio_24_60,low_36m_above_10y_low_pct,slope_high_60m,slope_low_60m,trend_r2_60m,peak_age_months,old_peak_similarity,lifecycle,status,grade,lid_grade,coil_score,lid_slope_pct_per_year,proximity_pct,span_years,touches,touch_count,reviewed,review_status,review_id,review_as_of,review_algorithm_version,review_stale,review_effective,data_date,freshness,fetched_at,data_source
ULVR.L,38.083333333333336,4583.5,0.14553284974281466,0.48291333253828217,0.06705208209106583,0.18226381864918145,0.8036416656728527,0.19635833432714736,0.9717182070184988,1.0,,0.031236674380461807,0.010724430595265762,0.3992718876501554,338.0,1.0370916226912872,pre_breakout,coiling,A,A,85.0,-0.27,82.43,27.58,5.0,5.0,False,,,,,False,algorithm,2026-07-01,fresh,2026-07-14T06:08:59.557Z,yfinance
ALV.DE,29.666666666666668,421.0,0.43173765775610595,0.7075521645476714,0.4858114226017068,0.4848424853009546,0.9854085603834785,0.010575793184488837,0.607003878151841,0.6951871575938032,0.7963280003799712,0.05351746357077839,0.05162472260260544,0.887829454929248,315.0,1.045828437132785,pre_breakout,coiling,A,A,77.3,-0.14,98.94,26.25,2.0,2.0,False,,,,,False,algorithm,2026-07-01,fresh,2026-07-14T06:09:03.004Z,yfinance
ENB.TO,31.583333333333332,77.97000122070312,0.47009264422408986,0.5490578901217209,0.4367237035919397,0.4303780680690888,0.9436856420133874,0.033230009354876765,0.6186174059048692,0.7767810357818589,0.2931033945611835,0.04427642504244981,0.04107561361381776,0.542852668230994,135.0,0.8200867717085596,pre_breakout,coiling,A,A,72.6,1.62,96.42,11.08,2.0,2.0,False,,,,,False,algorithm,2026-07-01,fresh,2026-07-14T06:08:57.721Z,yfinance
0005.HK,26.583333333333332,153.5,0.44844475383368787,0.7333858507466053,0.4881413749451483,0.493578780576454,0.9913453497191831,0.0071151750329110156,0.7352478370577502,0.8035253573539635,1.018181818181818,0.050589243550084255,0.0537157561152908,0.8099925798486922,225.0,0.992884824967089,pre_breakout,coiling,A,A,71.5,0.09,99.29,19.67,3.0,3.0,False,,,,,False,algorithm,2026-07-01,fresh,2026-07-14T06:09:20.651Z,yfinance
NOVN.SW,31.333333333333332,124.58000183105469,0.30104477156934156,0.42924147047920497,0.3731454105932831,0.4849692636101871,0.9138598212883192,0.04900761961026956,0.6695321300782398,0.8053213445537908,0.4361521008641213,0.0528199522702409,0.051993852722037416,0.8288574504974191,0.0,0.7706870159120051,pre_breakout,coiling,A,A,71.1,2.96,96.63,10.58,2.0,2.0,False,,,,,False,algorithm,2026-07-01,fresh,2026-07-14T06:09:12.793Z,yfinance
BAS.DE,29.666666666666668,48.849998474121094,0.33649039631744504,0.4890487900585743,0.2844333229458649,0.16527686905185057,0.18707784645343062,0.5055668323357205,0.28741148732582505,0.5498132793289933,0.0012047111282037508,-0.045569483637687785,-0.03163143580544371,0.2147495640596303,102.0,1.0,pre_breakout,coiling,A,A,65.2,0.11,88.71,2.0,3.0,3.0,False,,,,,False,algorithm,2026-07-01,fresh,2026-07-14T06:09:03.876Z,yfinance
CNR.TO,29.75,177.52999877929688,0.5319798791038043,0.6337386035575066,0.46498292677166686,0.46296165324287303,0.9623629584174993,0.021010243936999896,0.5165464337948955,0.9467680125142525,0.5742104562417895,-0.008021183019645424,-0.0006113016214927767,0.08752699200543479,28.0,1.0,pre_breakout,coiling,A,A,64.6,-0.71,99.51,2.33,2.0,2.0,False,,,,,False,algorithm,2026-07-01,fresh,2026-07-14T06:08:57.148Z,yfinance
2317.TW,33.583333333333336,235.5,0.013226478319223633,0.2574327841020597,0.0,0.21221751736998745,0.6838501851180534,0.25,0.8115183146332768,0.9159090909090909,0.4307458807654478,0.05095038053810406,0.040673466450386817,0.739731956956411,0.0,0.7468152866242038,pre_breakout,coiling,A,A,64.2,4.76,87.91,8.33,3.0,3.0,False,,,,,False,algorithm,2026-07-01,fresh,2026-07-14T06:09:37.831Z,yfinance
ITUB4.SA,25.666666666666668,43.52000045776367,0.0921757387425042,0.3409462784312846,0.20136664011405842,0.37499354903206106,0.8761828480391057,0.12381715196089424,1.0,1.0,,0.04668479737178727,0.034762140198591064,0.8132106215580894,0.0,0.7070495945991196,pre_breakout,coiling,A,A,62.7,4.37,83.51,8.0,3.0,3.0,False,,,,,False,algorithm,2026-07-01,fresh,2026-07-14T06:09:28.665Z,yfinance
SBK.JO,26.583333333333332,32212.0,0.17860498827855167,0.4733014253543348,0.4168484619731878,0.25,0.9498701166778619,0.04979351032448377,1.0,1.0,0.0,0.04184541276946127,-0.010914592240929126,0.8602998151965465,67.0,0.808549329369469,pre_breakout,coiling,A,A,57.8,3.78,94.3,8.25,3.0,3.0,False,,,,,False,algorithm,2026-07-01,fresh,2026-07-14T06:09:43.563Z,yfinance
MQG.AX,30.083333333333332,253.42999267578125,0.5582046212707447,0.669671725831963,0.49201517605900635,0.48945538650503667,0.9933767576497521,0.004790894364596205,0.5138436235863771,0.9002282142470998,1.204400422697715,0.041814240275265105,0.04673705041431998,0.4882799170277965,54.0,0.8534066857765552,pre_breakout,coiling,A,A,55.4,3.26,99.44,4.5,3.0,3.0,False,,,,,False,algorithm,2026-07-01,fresh,2026-07-14T06:09:27.171Z,yfinance
AIR.PA,24.916666666666668,195.27999877929688,0.2708762159804662,0.5307246382439488,0.17872632596541332,0.4589561697531424,0.8497516823336589,0.11757796617099621,0.5576856422996919,0.7165751390320949,1.4995844025174783,0.055338773171593934,0.05381844336244612,0.8276780538062308,0.0,0.7807500966861124,pre_breakout,coiling,B,B,66.6,5.56,94.31,8.0,4.0,4.0,False,,,,,False,algorithm,2026-07-01,fresh,2026-07-14T06:09:10.467Z,yfinance
HSBA.L,38.083333333333336,1462.0,0.14808893963417608,0.3755974842767296,0.32769916142557654,0.44825510134266,0.919496855345912,0.08050314465408805,1.0,1.0,,0.052258406565503894,0.044651020268532,0.8292262584106217,0.0,0.6012357123992728,pre_breakout,coiling,B,B,61.6,5.36,98.27,8.42,2.0,2.0,False,,,,,False,algorithm,2026-07-01,fresh,2026-07-14T06:09:00.202Z,yfinance
WES.AX,38.5,90.93000030517578,0.528568049746613,0.5835379162150983,0.5914052114297078,0.5926956325635826,0.9366887063875479,0.04460207628544572,0.43147103850617474,0.5246168839200406,0.7194476813441257,0.04516591755760484,0.048973978114589055,0.7527693740992322,0.0,0.7738376586741664,pre_breakout,coiling,B,B,56.2,5.47,98.92,4.83,2.0,2.0,False,,,,,False,algorithm,2026-07-01,fresh,2026-07-14T06:09:26.228Z,yfinance
SU.PA,26.583333333333332,268.54998779296875,0.3863402933387209,0.6414226343124078,0.3117873327639638,0.5210923692891901,0.8937697013797119,0.08563167643430014,0.5161563096096772,0.6652874665315794,1.3596137503524157,0.05316982742144088,0.05199623187769969,0.8190667611269252,26.0,0.8137554990345972,pre_breakout,coiling,C,C,41.6,8.79,90.77,4.42,3.0,3.0,False,,,,,False,algorithm,2026-07-01,fresh,2026-07-14T06:09:09.867Z,yfinance
SAN.PA,26.583333333333332,77.0999984741211,0.0742233754901622,0.33747822672364153,0.0,0.07386969892069478,0.3012236286653464,0.3046536761909559,0.8197900141345745,1.0,0.13930087091332016,0.021967177829750984,0.006385902833723931,0.08770714691723613,51.0,0.9567143318055966,forming,basing,,A,74.9,0.9,69.75,23.25,5.0,5.0,False,,,,,False,algorithm,2026-07-01,fresh,2026-07-14T06:09:09.191Z,yfinance
SHEL.L,30.0,3109.0,0.13114451803207702,0.5017533590528137,0.09648962352002133,0.344494084503606,0.8271916988160171,0.17280830118398297,1.0,1.0,,0.05245177315023628,0.038460477137517796,0.7437090948494417,349.0,1.707830220250765,forming,basing,,A,56.7,2.92,78.68,12.08,3.0,3.0,False,,,,,False,algorithm,2026-07-01,fresh,2026-07-14T06:08:59.007Z,yfinance
AZN.L,33.25,12610.0,0.07808472954267506,0.353053058488802,0.06443872362064576,0.24626104338019994,0.8015509788965166,0.19844902110348334,1.0,1.0,,0.05310941769933789,0.023942012896736673,0.6077127520940011,40.0,0.8154368261147661,forming,basing,,B,56.4,6.04,89.92,5.58,4.0,4.0,False,,,,,False,algorithm,2026-07-01,fresh,2026-07-14T06:08:58.339Z,yfinance
0700.HK,22.166666666666668,454.79998779296875,0.23010652569165693,0.38151546329681274,0.017427212289566184,0.28560326428633465,0.5265183750005451,0.36382682160445784,0.6080087010507909,0.6756019027946073,0.5715843378573973,0.006977831070423466,0.022007650079016085,0.34329364561083764,65.0,1.0,forming,basing,,B,54.4,-1.01,67.09,4.67,2.0,2.0,False,,,,,False,algorithm,2026-07-01,fresh,2026-07-14T06:09:19.304Z,yfinance
BHP.AX,38.5,58.849998474121094,0.3278231246234297,0.45103272776405195,0.2004405309765604,0.34300245677813884,0.8544365820016543,0.10806311791530447,0.6682030711111184,0.9537518438007637,0.9561259662204635,0.022615063985193282,0.02040494826395239,0.23843907902535078,0.0,0.7705364893293128,forming,basing,,B,53.8,5.97,88.08,6.92,3.0,3.0,False,,,,,False,algorithm,2026-07-01,fresh,2026-07-14T06:09:24.205Z,yfinance
HDFCBANK.NS,30.583333333333332,824.9500122070312,0.31216219321588357,0.5562293936815228,0.08168037438903616,0.3595432395402,0.7324897567811645,0.19162174208032215,0.4019835507331566,0.7638418670696542,1.355008719910406,0.052344359361973535,0.0462666644613183,0.38098163145749353,24.0,0.8789808917197452,forming,basing,,A,51.6,3.62,80.33,4.67,4.0,4.0,False,,,,,False,algorithm,2026-07-01,fresh,2026-07-14T06:09:22.743Z,yfinance
SHOP.TO,11.25,176.57000732421875,0.16016995723231503,0.31019095973138744,0.0,0.2870425657450194,0.6924109669875992,0.3023705923894636,0.726429431635346,0.821172196643011,13.708895588989925,0.010757812646753562,0.02185600749607333,0.29319535556294274,56.0,0.8805728791941624,forming,basing,,A,47.8,2.98,68.2,3.92,2.0,2.0,False,,,,,False,algorithm,2026-07-01,fresh,2026-07-14T06:08:55.203Z,yfinance
OR.PA,26.583333333333332,381.79998779296875,0.4672134579177721,0.6089764989726484,0.22337888834283143,0.5817609896348868,0.7378417661357132,0.17332470986826198,0.31734083012008446,0.6003719211799374,1.021086183980631,-0.002594475219948878,0.030801738016417765,0.0013905949108518056,25.0,1.0,forming,basing,,A,47.1,2.31,79.05,2.5,3.0,3.0,False,,,,,False,algorithm,2026-07-01,fresh,2026-07-14T06:09:08.750Z,yfinance
CSL.AX,32.25,122.54000091552734,0.028245301681503493,0.3427777777777778,0.0,0.0,0.1287438216242427,0.642479938977309,0.8832838773491593,0.971581517912841,0.0,-0.0437284552348736,-0.03904531119814576,0.5267338676037671,77.0,1.0,forming,basing,,B,47.0,-2.24,41.49,4.42,4.0,4.0,False,,,,,False,algorithm,2026-07-01,fresh,2026-07-14T06:09:25.738Z,yfinance
7203.T,27.25,2839.0,0.22203688954097037,0.4559081635686583,0.0,0.2448523986533623,0.5998759271544478,0.29025,0.62620623631384,0.8126118067978533,0.9874362267649378,0.049231203807071515,0.05397047973067246,0.5347273942449506,28.0,0.97275,forming,basing,,A,46.3,1.41,70.56,1.92,2.0,2.0,False,,,,,False,algorithm,2026-07-01,fresh,2026-07-14T06:09:15.619Z,yfinance
DTE.DE,29.75,26.739999771118164,0.260464915169853,0.5700389028146107,0.09578745689330094,0.332879838644746,0.640448550010429,0.25536062699133627,0.48776665132800573,0.5801698004667053,0.778012739241104,0.0541312356061748,0.05540717902924401,0.7599785695330542,316.0,2.921191923464701,forming,basing,,B,44.8,5.82,68.68,7.83,2.0,2.0,False,,,,,False,algorithm,2026-07-01,fresh,2026-07-14T06:09:04.407Z,yfinance
GIVN.SW,26.75,3420.0,0.1851002456290421,0.4000779727095517,0.0,0.14122951100636288,0.5409680480860487,0.2978854444672552,0.6719392597279342,0.9214750542299349,0.5005847953216375,-0.013052458679236456,-0.00917255576529839,0.037028482856519496,54.0,1.0,forming,basing,,B,44.1,-1.49,74.91,2.67,2.0,2.0,False,,,,,False,algorithm,2026-07-01,fresh,2026-07-14T06:10:22.534Z,yfinance
ADYEN.AS,8.1667,843.7000122070312,,,,,,,,,,,,,,,forming,basing,,A,43.3,-0.51,45.46,2.5,2.0,2.0,False,,,,,False,algorithm,2026-07-01,fresh,2026-07-14T06:09:11.394Z,yfinance
SIE.DE,29.75,272.1000061035156,0.37872676139405054,0.570235166256402,0.4213035827865914,0.4826207721733938,0.9458284534981662,0.04408919045166981,0.5782764310770122,0.7014870887934826,1.255242521099044,0.05357028616117683,0.049972470940179634,0.8338887523237567,0.0,0.6635517615767119,forming,basing,,C,43.3,9.59,96.09,4.5,3.0,3.0,False,,,,,False,algorithm,2026-07-01,fresh,2026-07-14T06:09:02.331Z,yfinance
WEGE3.SA,26.583333333333332,44.38999938964844,0.048027244772149535,0.31701818923431213,0.0,0.18832606774149258,0.7419354509631297,0.25806454903687026,1.0,1.0,,0.04394066336726363,0.02427812335567257,0.46292041952091867,24.0,0.850409485391425,forming,basing,,B,40.3,5.09,72.43,3.92,2.0,2.0,False,,,,,False,algorithm,2026-07-01,fresh,2026-07-14T06:09:29.350Z,yfinance
INFY.NS,30.583333333333332,1098.9000244140625,0.2572593444345293,0.49588999605670186,0.0,0.23561338404739424,0.4243078087679389,0.45231625450101776,0.6495924123671489,1.0,1.2846512195675872,0.0017263939143126927,0.0028159267880696437,0.10383925169034758,54.0,0.9738095003430709,forming,basing,,A,40.2,0.89,54.0,2.92,2.0,2.0,False,,,,,False,algorithm,2026-07-01,fresh,2026-07-14T06:09:23.793Z,yfinance
NPN.JO,26.583333333333332,84750.0,0.17511479639506128,0.38646910901645515,0.06310249806442537,0.2815512490322127,0.5661784825058566,0.3537638016226438,0.6056407670513954,0.6116565027098044,1.2092108234301375,0.04928425521907571,0.05607232710816295,0.7577498677448847,0.0,0.6229091447187824,forming,basing,,C,32.8,8.05,60.72,4.75,2.0,2.0,False,,,,,False,algorithm,2026-07-01,fresh,2026-07-14T06:09:40.901Z,yfinance
TCS.NS,24.0,2196.0,0.16724023459838958,0.4318687899737039,0.0,0.13361187734519733,0.3280851394465813,0.5218030377266046,0.7333791087015529,1.0,0.9267996909304949,0.013966574718576317,-0.0035495533134883898,0.13049190963193324,24.0,0.964886493548914,forming,basing,,A,31.2,4.25,43.92,2.58,2.0,2.0,False,,,,,False,algorithm,2026-07-01,fresh,2026-07-14T06:09:21.939Z,yfinance
035420.KS,23.833333333333332,184400.0,0.2984055103529125,0.48459071286008654,0.20374392943813924,0.13303539962211672,0.2227146814404432,0.6034408602150537,0.42354570637119116,0.503955174686882,0.4528846153846154,-0.041885262474356325,-0.03649641190975795,0.23664874708457628,60.0,1.0,forming,basing,,C,30.4,7.37,59.22,2.83,3.0,3.0,False,,,,,False,algorithm,2026-07-01,fresh,2026-07-14T06:09:33.918Z,yfinance
6758.T,26.583333333333332,3385.0,0.2031860657697861,0.4,0.0,0.2402762483428149,0.668019093078759,0.29124790619765495,0.6124105011933174,0.874752839245834,2.7713310580204777,0.047235569849679006,0.0494514310528112,0.6188303566788937,0.0,0.7097989949748744,forming,basing,,C,28.7,8.41,66.9,3.83,2.0,2.0,False,,,,,False,algorithm,2026-07-01,fresh,2026-07-14T06:09:16.461Z,yfinance
SAP.DE,28.333333333333332,140.72000122070312,0.09540056610711295,0.2798721218480812,0.0,0.2055979838329488,0.3149738589922588,0.5036331526606592,0.7334836859327882,0.7497057976440017,0.5990409138606089,0.05242373935216667,0.04611959676658976,0.4998600728060524,0.0,0.6965079601900077,forming,basing,,C,21.0,9.66,42.84,4.42,2.0,2.0,False,,,,,False,algorithm,2026-07-01,fresh,2026-07-14T06:09:01.815Z,yfinance
9988.HK,6.75,110.5,,,,,,,,,,,,,,,forming,basing,,,12.1,12.03,53.99,2.75,2.0,2.0,False,,,,,False,algorithm,2026-07-01,fresh,2026-07-14T06:09:19.776Z,yfinance
TD.TO,31.583333333333332,170.69000244140625,0.3770642992587323,0.4658641195084009,0.47793585633508956,0.38255788098588006,0.9815278427518797,0.01323848619894628,0.8047107896608132,1.0,0.4939808963130066,0.025507523946566805,0.024024116108120695,0.3314848103123482,0.0,0.6305931583144833,breaking_out,breaking_out,B,B,44.6,5.8,116.43,3.42,2.0,2.0,False,,,,,False,algorithm,2026-07-01,fresh,2026-07-14T06:08:56.690Z,yfinance
ASML.AS,28.083333333333332,1540.800048828125,0.3469319159012758,0.5430391326785332,0.21934638445038138,0.42526847222361375,0.8787989158481665,0.11499135621589604,0.7462162512569587,0.9028383124728186,4.699551696077756,0.04363050251304016,0.04429391127508945,0.4557998141580445,0.0,0.5869040711045197,breaking_out,breaking_out,C,C,39.1,7.6,127.86,2.67,2.0,2.0,False,,,,,False,algorithm,2026-07-01,fresh,2026-07-14T06:09:10.875Z,yfinance
8035.T,26.583333333333332,70850.0,0.28736133991545065,0.5340201829958897,0.18339435281515337,0.4176066156961402,0.867525228744862,0.12810730986955451,0.8233542459373131,0.9276872384741413,5.181410974244121,0.04597332682349909,0.045016277390255634,0.50272489319207,0.0,0.5028304208712774,breaking_out,breaking_out,,,26.4,13.49,120.77,2.25,2.0,2.0,False,,,,,False,algorithm,2026-07-01,fresh,2026-07-14T06:09:18.687Z,yfinance
8306.T,20.916666666666668,3597.0,0.3195276487065314,0.5455555555555556,0.5,0.4969887247961484,1.0,0.0,0.7451041342866024,0.7936560460604648,1.8078947368421052,0.05581135373470581,0.05439774495922969,0.9214510326956991,0.0,0.5421184320266889,post_breakout,broken_out,,A,76.5,0.68,159.17,18.92,2.0,2.0,False,,,,,False,algorithm,2026-07-01,fresh,2026-07-14T06:09:18.129Z,yfinance
ICICIBANK.NS,24.083333333333332,1409.800048828125,0.6334518860723688,0.8298224128088705,0.7772074249298686,0.7233688558962876,0.9297980354403215,0.06013330078125,0.27006757083261135,0.4044996326577832,3.178744901209482,0.056169223197601974,0.056942726968115184,0.8934579377635014,24.0,0.8385333658854167,post_breakout,broken_out,,A,64.7,0.69,362.84,3.0,2.0,2.0,False,,,,,False,algorithm,2026-07-01,fresh,2026-07-14T06:09:23.285Z,yfinance
UBSG.SW,31.0,42.2400016784668,0.4687711801474987,0.8,0.4984233245827472,0.4929169296865762,0.9988662310207573,0.0009460052503516956,0.6128465216608402,0.7409184413627202,1.6720936120844512,0.05659768975450655,0.053583385937315244,0.8860962995376965,233.0,1.9134343392056334,post_breakout,broken_out,,A,57.6,1.75,151.49,6.0,2.0,2.0,False,,,,,False,algorithm,2026-07-01,fresh,2026-07-14T06:09:15.142Z,yfinance
9984.T,26.583333333333332,6478.0,0.06917132526739957,0.35479338315130615,0.0,0.20033249602652287,0.6917459516423493,0.28609213136433764,0.907366452436436,0.9526273140933741,1.160950373634796,0.04264106514275156,0.03671730887683471,0.6091029298424862,0.0,0.3355741679523914,post_breakout,broken_out,,A,52.1,3.41,198.24,3.33,2.0,2.0,False,,,,,False,algorithm,2026-07-01,fresh,2026-07-14T06:09:17.328Z,yfinance
000660.KS,26.583333333333332,1915000.0,0.09711905952977411,0.4,0.0,0.2151429047857629,0.6371145188043735,0.35888851690659523,0.9621542940320232,0.9754281203884828,2.398176291793313,0.03500062572356,0.04802858095715258,0.3877868416175331,0.0,0.19966521593572145,no_structure,no_structure,,,0.0,,,,,,False,,,,,False,algorithm,2026-07-01,fresh,2026-07-14T06:09:32.567Z,yfinance
005930.KS,26.583333333333332,264500.0,0.009269496548580489,0.29514652014652015,0.0,0.031510220626556285,0.6815102206265563,0.2937249666221629,0.9398343853147259,1.0,0.7135989010989011,0.03173345289820449,-0.01921581000525549,0.3093607147256697,0.0,0.25847797062750333,no_structure,no_structure,,,0.0,,,,,,False,,,,,False,algorithm,2026-07-01,fresh,2026-07-14T06:09:31.328Z,yfinance
051910.KS,25.333333333333332,260000.0,0.39118277485701775,0.5234757858060406,0.42002743090488154,0.2335113989242175,0.09038572251007485,0.7523809523809524,0.2947610823258492,0.3514070006863418,0.0,-0.053914552551442944,-0.053378961203928064,0.7005606928853458,66.0,1.0,no_structure,no_structure,,,0.0,,,,,,False,,,,,False,algorithm,2026-07-01,fresh,2026-07-14T06:09:35.226Z,yfinance
1299.HK,15.833333333333334,73.80000305175781,0.08743613316946883,0.22257261445179596,0.0,0.0,0.46736685390448135,0.32479413548771235,0.6534133841669634,0.8163074844863015,0.06096127505513646,-0.04169755248976075,-0.040074318626373666,0.08371328985849624,66.0,1.0,no_structure,no_structure,,,0.0,,,,,,False,,,,,False,algorithm,2026-07-01,fresh,2026-07-14T06:09:20.234Z,yfinance
2330.TW,26.583333333333332,2420.0,0.41820114484089455,0.6,0.42439184746877057,0.4593239327274389,0.9513433467315422,0.045364891518737675,0.7425428390099429,0.8106235565819861,2.008746355685131,0.047538502581219486,0.04686478654548777,0.7022653301304629,0.0,0.4260355029585799,no_structure,no_structure,,,0.0,,,,,,False,,,,,False,algorithm,2026-07-01,fresh,2026-07-14T06:09:36.504Z,yfinance
2454.TW,25.083333333333332,3660.0,0.14981904354181858,0.4203165286657583,0.0,0.27430702348425706,0.7253956608321979,0.2635814889336016,0.8361806938476051,0.8990308767185035,2.338345864661654,0.03430892607726694,0.04478227253041184,0.4450444186934026,0.0,0.30181086519114686,no_structure,no_structure,,,0.0,,,,,,False,,,,,False,algorithm,2026-07-01,fresh,2026-07-14T06:09:39.540Z,yfinance
3690.HK,7.9167,79.05000305175781,,,,,,,,,,,,,,,no_structure,no_structure,,,0.0,,,,,,False,,,,,False,algorithm,2026-07-01,fresh,2026-07-14T06:09:21.218Z,yfinance
CBA.AX,34.916666666666664,168.8000030517578,0.27235348780851154,0.46308126227437285,0.20842277073495288,0.4881530725831661,0.8325635340769111,0.1208333174387614,0.4843389141542529,0.6390211650685886,0.7992141466452756,0.05256924613859934,0.053500770502882544,0.8182936014589949,0.0,0.7163020769755045,no_structure,no_structure,,,0.0,,,,,,False,,,,,False,algorithm,2026-07-01,fresh,2026-07-14T06:09:24.869Z,yfinance
MC.PA,26.583333333333332,491.5,0.32051471286393696,0.5828697724627149,0.060770248934453985,0.26438886700716824,0.4556236556943064,0.4566659150287505,0.4297951306675992,0.6968273323795653,1.9951971718213979,-0.0057038018285470405,-0.011201619566548898,0.2731113059131982,39.0,1.0,no_structure,no_structure,,,0.0,,,,,,False,,,,,False,algorithm,2026-07-01,fresh,2026-07-14T06:09:08.123Z,yfinance
NESN.SW,36.583333333333336,84.16000366210938,0.27642861997067164,0.5071827712683107,0.36692760660240753,0.21009786327474433,0.2732484526786827,0.3516178606825569,0.34745220755548134,0.3642737752752345,0.043283604863864275,-0.05417852850643654,-0.050966830953758376,0.8801291785703886,54.0,1.0,no_structure,no_structure,,,0.0,,,,,,False,,,,,False,algorithm,2026-07-01,fresh,2026-07-14T06:09:12.300Z,yfinance
PETR4.SA,26.583333333333332,40.65999984741211,0.14743788922172962,0.4817044931776821,0.06516327059012825,0.26886966297118725,0.8021306164721026,0.19786938352789746,1.0,1.0,,0.04797220078515067,0.02834780929981694,0.3481051485937501,275.0,1.3316236304735998,no_structure,no_structure,,,0.0,,,,,,False,,,,,False,algorithm,2026-07-01,fresh,2026-07-14T06:09:28.171Z,yfinance
PHIA.AS,31.416666666666668,24.09000015258789,0.42627779311466135,0.6204573503501257,0.3619418450730767,0.20566082879613679,0.35767645295548767,0.48949136434657986,0.31479042516125416,0.40935925420956276,0.4194651548491226,-0.033979814353188656,-0.011964347491026515,3.858238740828135e-06,310.0,1.1208492695943255,no_structure,no_structure,,,0.0,,,,,,False,,,,,False,algorithm,2026-07-01,fresh,2026-07-14T06:09:11.719Z,yfinance
REL.L,38.083333333333336,2478.0,0.0,0.2928525533838684,0.0,0.12677521325729177,0.5892984542211652,0.4107015457788347,1.0,1.0,,0.05469125398077809,0.030355042651458358,0.33218312470068145,24.0,0.8785576601516052,no_structure,no_structure,,,0.0,,,,,,False,,,,,False,algorithm,2026-07-01,fresh,2026-07-14T06:09:01.031Z,yfinance
RELIANCE.NS,30.583333333333332,1300.199951171875,0.40414015302246903,0.6645096446097497,0.15482774517786868,0.45435752015235026,0.777304061910903,0.19332428850762345,0.355162798652912,0.7419273327591968,4.222211607016669,0.0526183410021882,0.052922320123497464,0.48142196053946595,24.0,0.9981387269455779,no_structure,no_structure,,,0.0,,,,,,False,,,,,False,algorithm,2026-07-01,fresh,2026-07-14T06:09:21.534Z,yfinance
RY.TO,31.583333333333332,297.8599853515625,0.42355880054683914,0.46651851512767645,0.48700851232336084,0.45852368129586574,0.9897457198497176,0.007794892605983519,0.6775635499778139,0.8041397913844033,0.4988888634575738,0.047121370748487976,0.046704736259173145,0.6899706787255482,0.0,0.5170552795103037,no_structure,no_structure,,,0.0,,,,,,False,,,,,False,algorithm,2026-07-01,fresh,2026-07-14T06:08:56.257Z,yfinance
SOL.JO,26.583333333333332,17599.0,0.42974238260906134,0.7163813210311822,0.2878408642441573,0.16978220684453332,0.2747110772879316,0.6995732331853876,0.33447781533723875,0.4901320054980679,1.5522388059701493,-0.044777363798571376,-0.03241785926171509,0.5995424661332502,145.0,1.1146978490952544,no_structure,no_structure,,,0.0,,,,,,False,,,,,False,algorithm,2026-07-01,fresh,2026-07-14T06:09:42.222Z,yfinance
VALE3.SA,26.583333333333332,72.8499984741211,0.0821422247265752,0.33444444444444443,0.0,0.0,0.6048152787037845,0.39518472129621546,0.7606476136811484,0.8090066467689363,,-0.047970046766681235,-0.038900689480253915,0.164954178844682,62.0,1.0,no_structure,no_structure,,,0.0,,,,,,False,,,,,False,algorithm,2026-07-01,fresh,2026-07-14T06:09:27.682Z,yfinance
